Lower tier local authorities Code,Lower tier local authorities,Economic activity status (4 categories) Code,Economic activity status (4 categories),Observation
E06000001,Hartlepool,-8,Does not apply,17652
E06000001,Hartlepool,1,Economically active: In employment (including full-time students),37749
E06000001,Hartlepool,2,Economically active: Unemployed (including full-time students),3002
E06000001,Hartlepool,3,Economically inactive,33935
E06000002,Middlesbrough,-8,Does not apply,29986
E06000002,Middlesbrough,1,Economically active: In employment (including full-time students),56434
E06000002,Middlesbrough,2,Economically active: Unemployed (including full-time students),5814
E06000002,Middlesbrough,3,Economically inactive,51689
E06000003,Redcar and Cleveland,-8,Does not apply,24189
E06000003,Redcar and Cleveland,1,Economically active: In employment (including full-time students),55621
E06000003,Redcar and Cleveland,2,Economically active: Unemployed (including full-time students),4005
E06000003,Redcar and Cleveland,3,Economically inactive,52716
E06000004,Stockton-on-Tees,-8,Does not apply,38585
E06000004,Stockton-on-Tees,1,Economically active: In employment (including full-time students),86443
E06000004,Stockton-on-Tees,2,Economically active: Unemployed (including full-time students),5900
E06000004,Stockton-on-Tees,3,Economically inactive,65667
E06000005,Darlington,-8,Does not apply,19693
E06000005,Darlington,1,Economically active: In employment (including full-time students),49296
E06000005,Darlington,2,Economically active: Unemployed (including full-time students),3033
E06000005,Darlington,3,Economically inactive,35777
E06000006,Halton,-8,Does not apply,24530
E06000006,Halton,1,Economically active: In employment (including full-time students),58706
E06000006,Halton,2,Economically active: Unemployed (including full-time students),3341
E06000006,Halton,3,Economically inactive,41901
E06000007,Warrington,-8,Does not apply,38256
E06000007,Warrington,1,Economically active: In employment (including full-time students),103191
E06000007,Warrington,2,Economically active: Unemployed (including full-time students),4780
E06000007,Warrington,3,Economically inactive,64747
E06000008,Blackburn with Darwen,-8,Does not apply,35230
E06000008,Blackburn with Darwen,1,Economically active: In employment (including full-time students),63557
E06000008,Blackburn with Darwen,2,Economically active: Unemployed (including full-time students),4554
E06000008,Blackburn with Darwen,3,Economically inactive,51397
E06000009,Blackpool,-8,Does not apply,24697
E06000009,Blackpool,1,Economically active: In employment (including full-time students),59362
E06000009,Blackpool,2,Economically active: Unemployed (including full-time students),4990
E06000009,Blackpool,3,Economically inactive,51987
E06000010,Kingston upon Hull,-8,Does not apply,53137
E06000010,Kingston upon Hull,1,Economically active: In employment (including full-time students),117789
E06000010,Kingston upon Hull,2,Economically active: Unemployed (including full-time students),10367
E06000010,Kingston upon Hull,3,Economically inactive,85721
E06000011,East Riding of Yorkshire,-8,Does not apply,54075
E06000011,East Riding of Yorkshire,1,Economically active: In employment (including full-time students),156120
E06000011,East Riding of Yorkshire,2,Economically active: Unemployed (including full-time students),6678
E06000011,East Riding of Yorkshire,3,Economically inactive,125342
E06000012,North East Lincolnshire,-8,Does not apply,29444
E06000012,North East Lincolnshire,1,Economically active: In employment (including full-time students),68849
E06000012,North East Lincolnshire,2,Economically active: Unemployed (including full-time students),4191
E06000012,North East Lincolnshire,3,Economically inactive,54482
E06000013,North Lincolnshire,-8,Does not apply,30213
E06000013,North Lincolnshire,1,Economically active: In employment (including full-time students),76223
E06000013,North Lincolnshire,2,Economically active: Unemployed (including full-time students),4225
E06000013,North Lincolnshire,3,Economically inactive,59019
E06000014,York,-8,Does not apply,30738
E06000014,York,1,Economically active: In employment (including full-time students),96195
E06000014,York,2,Economically active: Unemployed (including full-time students),5035
E06000014,York,3,Economically inactive,70850
E06000015,Derby,-8,Does not apply,52174
E06000015,Derby,1,Economically active: In employment (including full-time students),116201
E06000015,Derby,2,Economically active: Unemployed (including full-time students),8143
E06000015,Derby,3,Economically inactive,84844
E06000016,Leicester,-8,Does not apply,77557
E06000016,Leicester,1,Economically active: In employment (including full-time students),154934
E06000016,Leicester,2,Economically active: Unemployed (including full-time students),14640
E06000016,Leicester,3,Economically inactive,121440
E06000017,Rutland,-8,Does not apply,6751
E06000017,Rutland,1,Economically active: In employment (including full-time students),18783
E06000017,Rutland,2,Economically active: Unemployed (including full-time students),643
E06000017,Rutland,3,Economically inactive,14872
E06000018,Nottingham,-8,Does not apply,59310
E06000018,Nottingham,1,Economically active: In employment (including full-time students),128868
E06000018,Nottingham,2,Economically active: Unemployed (including full-time students),14069
E06000018,Nottingham,3,Economically inactive,121386
E06000019,Herefordshire,-8,Does not apply,29901
E06000019,Herefordshire,1,Economically active: In employment (including full-time students),88511
E06000019,Herefordshire,2,Economically active: Unemployed (including full-time students),3653
E06000019,Herefordshire,3,Economically inactive,64969
E06000020,Telford and Wrekin,-8,Does not apply,36867
E06000020,Telford and Wrekin,1,Economically active: In employment (including full-time students),85497
E06000020,Telford and Wrekin,2,Economically active: Unemployed (including full-time students),4885
E06000020,Telford and Wrekin,3,Economically inactive,58292
E06000021,Stoke-on-Trent,-8,Does not apply,52469
E06000021,Stoke-on-Trent,1,Economically active: In employment (including full-time students),112580
E06000021,Stoke-on-Trent,2,Economically active: Unemployed (including full-time students),7392
E06000021,Stoke-on-Trent,3,Economically inactive,85928
E06000022,Bath and North East Somerset,-8,Does not apply,31791
E06000022,Bath and North East Somerset,1,Economically active: In employment (including full-time students),89812
E06000022,Bath and North East Somerset,2,Economically active: Unemployed (including full-time students),4642
E06000022,Bath and North East Somerset,3,Economically inactive,67164
E06000023,Bristol,-8,Does not apply,82757
E06000023,Bristol,1,Economically active: In employment (including full-time students),238511
E06000023,Bristol,2,Economically active: Unemployed (including full-time students),14142
E06000023,Bristol,3,Economically inactive,137056
E06000024,North Somerset,-8,Does not apply,38161
E06000024,North Somerset,1,Economically active: In employment (including full-time students),102702
E06000024,North Somerset,2,Economically active: Unemployed (including full-time students),3937
E06000024,North Somerset,3,Economically inactive,71928
E06000025,South Gloucestershire,-8,Does not apply,53058
E06000025,South Gloucestershire,1,Economically active: In employment (including full-time students),147612
E06000025,South Gloucestershire,2,Economically active: Unemployed (including full-time students),5854
E06000025,South Gloucestershire,3,Economically inactive,83900
E06000026,Plymouth,-8,Does not apply,46071
E06000026,Plymouth,1,Economically active: In employment (including full-time students),121018
E06000026,Plymouth,2,Economically active: Unemployed (including full-time students),7126
E06000026,Plymouth,3,Economically inactive,90480
E06000027,Torbay,-8,Does not apply,22292
E06000027,Torbay,1,Economically active: In employment (including full-time students),58935
E06000027,Torbay,2,Economically active: Unemployed (including full-time students),3446
E06000027,Torbay,3,Economically inactive,54651
E06000030,Swindon,-8,Does not apply,46259
E06000030,Swindon,1,Economically active: In employment (including full-time students),117866
E06000030,Swindon,2,Economically active: Unemployed (including full-time students),6036
E06000030,Swindon,3,Economically inactive,63249
E06000031,Peterborough,-8,Does not apply,48100
E06000031,Peterborough,1,Economically active: In employment (including full-time students),100968
E06000031,Peterborough,2,Economically active: Unemployed (including full-time students),6133
E06000031,Peterborough,3,Economically inactive,60472
E06000032,Luton,-8,Does not apply,52563
E06000032,Luton,1,Economically active: In employment (including full-time students),98721
E06000032,Luton,2,Economically active: Unemployed (including full-time students),9128
E06000032,Luton,3,Economically inactive,64849
E06000033,Southend-on-Sea,-8,Does not apply,34276
E06000033,Southend-on-Sea,1,Economically active: In employment (including full-time students),83259
E06000033,Southend-on-Sea,2,Economically active: Unemployed (including full-time students),5377
E06000033,Southend-on-Sea,3,Economically inactive,57774
E06000034,Thurrock,-8,Does not apply,39637
E06000034,Thurrock,1,Economically active: In employment (including full-time students),85948
E06000034,Thurrock,2,Economically active: Unemployed (including full-time students),5165
E06000034,Thurrock,3,Economically inactive,45249
E06000035,Medway,-8,Does not apply,57016
E06000035,Medway,1,Economically active: In employment (including full-time students),132606
E06000035,Medway,2,Economically active: Unemployed (including full-time students),7967
E06000035,Medway,3,Economically inactive,82184
E06000036,Bracknell Forest,-8,Does not apply,24675
E06000036,Bracknell Forest,1,Economically active: In employment (including full-time students),66397
E06000036,Bracknell Forest,2,Economically active: Unemployed (including full-time students),3002
E06000036,Bracknell Forest,3,Economically inactive,30534
E06000037,West Berkshire,-8,Does not apply,30712
E06000037,West Berkshire,1,Economically active: In employment (including full-time students),82307
E06000037,West Berkshire,2,Economically active: Unemployed (including full-time students),3202
E06000037,West Berkshire,3,Economically inactive,45227
E06000038,Reading,-8,Does not apply,32864
E06000038,Reading,1,Economically active: In employment (including full-time students),88866
E06000038,Reading,2,Economically active: Unemployed (including full-time students),5829
E06000038,Reading,3,Economically inactive,46665
E06000039,Slough,-8,Does not apply,39566
E06000039,Slough,1,Economically active: In employment (including full-time students),73700
E06000039,Slough,2,Economically active: Unemployed (including full-time students),6020
E06000039,Slough,3,Economically inactive,39214
E06000040,Windsor and Maidenhead,-8,Does not apply,29821
E06000040,Windsor and Maidenhead,1,Economically active: In employment (including full-time students),76302
E06000040,Windsor and Maidenhead,2,Economically active: Unemployed (including full-time students),3794
E06000040,Windsor and Maidenhead,3,Economically inactive,43579
E06000041,Wokingham,-8,Does not apply,36681
E06000041,Wokingham,1,Economically active: In employment (including full-time students),89467
E06000041,Wokingham,2,Economically active: Unemployed (including full-time students),3776
E06000041,Wokingham,3,Economically inactive,47578
E06000042,Milton Keynes,-8,Does not apply,62229
E06000042,Milton Keynes,1,Economically active: In employment (including full-time students),143378
E06000042,Milton Keynes,2,Economically active: Unemployed (including full-time students),8306
E06000042,Milton Keynes,3,Economically inactive,73148
E06000043,Brighton and Hove,-8,Does not apply,41736
E06000043,Brighton and Hove,1,Economically active: In employment (including full-time students),139291
E06000043,Brighton and Hove,2,Economically active: Unemployed (including full-time students),10836
E06000043,Brighton and Hove,3,Economically inactive,85240
E06000044,Portsmouth,-8,Does not apply,37183
E06000044,Portsmouth,1,Economically active: In employment (including full-time students),97787
E06000044,Portsmouth,2,Economically active: Unemployed (including full-time students),7591
E06000044,Portsmouth,3,Economically inactive,65443
E06000045,Southampton,-8,Does not apply,44554
E06000045,Southampton,1,Economically active: In employment (including full-time students),118228
E06000045,Southampton,2,Economically active: Unemployed (including full-time students),8356
E06000045,Southampton,3,Economically inactive,77784
E06000046,Isle of Wight,-8,Does not apply,20873
E06000046,Isle of Wight,1,Economically active: In employment (including full-time students),57910
E06000046,Isle of Wight,2,Economically active: Unemployed (including full-time students),3490
E06000046,Isle of Wight,3,Economically inactive,58186
E06000047,County Durham,-8,Does not apply,88110
E06000047,County Durham,1,Economically active: In employment (including full-time students),222215
E06000047,County Durham,2,Economically active: Unemployed (including full-time students),13269
E06000047,County Durham,3,Economically inactive,198474
E06000049,Cheshire East,-8,Does not apply,69298
E06000049,Cheshire East,1,Economically active: In employment (including full-time students),192490
E06000049,Cheshire East,2,Economically active: Unemployed (including full-time students),7802
E06000049,Cheshire East,3,Economically inactive,129185
E06000050,Cheshire West and Chester,-8,Does not apply,61792
E06000050,Cheshire West and Chester,1,Economically active: In employment (including full-time students),169088
E06000050,Cheshire West and Chester,2,Economically active: Unemployed (including full-time students),8140
E06000050,Cheshire West and Chester,3,Economically inactive,118130
E06000051,Shropshire,-8,Does not apply,51360
E06000051,Shropshire,1,Economically active: In employment (including full-time students),152423
E06000051,Shropshire,2,Economically active: Unemployed (including full-time students),6488
E06000051,Shropshire,3,Economically inactive,113335
E06000052,Cornwall,-8,Does not apply,92880
E06000052,Cornwall,1,Economically active: In employment (including full-time students),254247
E06000052,Cornwall,2,Economically active: Unemployed (including full-time students),12375
E06000052,Cornwall,3,Economically inactive,210803
E06000053,Isles of Scilly,-8,Does not apply,324
E06000053,Isles of Scilly,1,Economically active: In employment (including full-time students),1114
E06000053,Isles of Scilly,2,Economically active: Unemployed (including full-time students),15
E06000053,Isles of Scilly,3,Economically inactive,602
E06000054,Wiltshire,-8,Does not apply,91219
E06000054,Wiltshire,1,Economically active: In employment (including full-time students),252345
E06000054,Wiltshire,2,Economically active: Unemployed (including full-time students),9730
E06000054,Wiltshire,3,Economically inactive,157039
E06000055,Bedford,-8,Does not apply,37107
E06000055,Bedford,1,Economically active: In employment (including full-time students),90865
E06000055,Bedford,2,Economically active: Unemployed (including full-time students),4946
E06000055,Bedford,3,Economically inactive,52307
E06000056,Central Bedfordshire,-8,Does not apply,57492
E06000056,Central Bedfordshire,1,Economically active: In employment (including full-time students),151077
E06000056,Central Bedfordshire,2,Economically active: Unemployed (including full-time students),6215
E06000056,Central Bedfordshire,3,Economically inactive,79467
E06000057,Northumberland,-8,Does not apply,51721
E06000057,Northumberland,1,Economically active: In employment (including full-time students),140777
E06000057,Northumberland,2,Economically active: Unemployed (including full-time students),7822
E06000057,Northumberland,3,Economically inactive,120244
E06000058,"Bournemouth, Christchurch and Poole",-8,Does not apply,65287
E06000058,"Bournemouth, Christchurch and Poole",1,Economically active: In employment (including full-time students),186032
E06000058,"Bournemouth, Christchurch and Poole",2,Economically active: Unemployed (including full-time students),11185
E06000058,"Bournemouth, Christchurch and Poole",3,Economically inactive,137692
E06000059,Dorset,-8,Does not apply,57677
E06000059,Dorset,1,Economically active: In employment (including full-time students),167777
E06000059,Dorset,2,Economically active: Unemployed (including full-time students),6904
E06000059,Dorset,3,Economically inactive,147221
E06000060,Buckinghamshire,-8,Does not apply,109683
E06000060,Buckinghamshire,1,Economically active: In employment (including full-time students),273233
E06000060,Buckinghamshire,2,Economically active: Unemployed (including full-time students),12252
E06000060,Buckinghamshire,3,Economically inactive,157907
E06000061,North Northamptonshire,-8,Does not apply,70339
E06000061,North Northamptonshire,1,Economically active: In employment (including full-time students),178855
E06000061,North Northamptonshire,2,Economically active: Unemployed (including full-time students),7805
E06000061,North Northamptonshire,3,Economically inactive,102527
E06000062,West Northamptonshire,-8,Does not apply,82223
E06000062,West Northamptonshire,1,Economically active: In employment (including full-time students),215995
E06000062,West Northamptonshire,2,Economically active: Unemployed (including full-time students),10385
E06000062,West Northamptonshire,3,Economically inactive,117122
E07000008,Cambridge,-8,Does not apply,20909
E07000008,Cambridge,1,Economically active: In employment (including full-time students),70598
E07000008,Cambridge,2,Economically active: Unemployed (including full-time students),3615
E07000008,Cambridge,3,Economically inactive,50552
E07000009,East Cambridgeshire,-8,Does not apply,16333
E07000009,East Cambridgeshire,1,Economically active: In employment (including full-time students),44695
E07000009,East Cambridgeshire,2,Economically active: Unemployed (including full-time students),1520
E07000009,East Cambridgeshire,3,Economically inactive,25214
E07000010,Fenland,-8,Does not apply,17630
E07000010,Fenland,1,Economically active: In employment (including full-time students),47108
E07000010,Fenland,2,Economically active: Unemployed (including full-time students),2283
E07000010,Fenland,3,Economically inactive,35441
E07000011,Huntingdonshire,-8,Does not apply,32571
E07000011,Huntingdonshire,1,Economically active: In employment (including full-time students),91391
E07000011,Huntingdonshire,2,Economically active: Unemployed (including full-time students),3459
E07000011,Huntingdonshire,3,Economically inactive,53411
E07000012,South Cambridgeshire,-8,Does not apply,31758
E07000012,South Cambridgeshire,1,Economically active: In employment (including full-time students),82267
E07000012,South Cambridgeshire,2,Economically active: Unemployed (including full-time students),2782
E07000012,South Cambridgeshire,3,Economically inactive,45312
E07000026,Allerdale,-8,Does not apply,15641
E07000026,Allerdale,1,Economically active: In employment (including full-time students),44235
E07000026,Allerdale,2,Economically active: Unemployed (including full-time students),1782
E07000026,Allerdale,3,Economically inactive,34496
E07000027,Barrow-in-Furness,-8,Does not apply,11573
E07000027,Barrow-in-Furness,1,Economically active: In employment (including full-time students),31183
E07000027,Barrow-in-Furness,2,Economically active: Unemployed (including full-time students),1509
E07000027,Barrow-in-Furness,3,Economically inactive,23142
E07000028,Carlisle,-8,Does not apply,18681
E07000028,Carlisle,1,Economically active: In employment (including full-time students),52950
E07000028,Carlisle,2,Economically active: Unemployed (including full-time students),2322
E07000028,Carlisle,3,Economically inactive,36071
E07000029,Copeland,-8,Does not apply,11068
E07000029,Copeland,1,Economically active: In employment (including full-time students),30570
E07000029,Copeland,2,Economically active: Unemployed (including full-time students),1375
E07000029,Copeland,3,Economically inactive,24063
E07000030,Eden,-8,Does not apply,8099
E07000030,Eden,1,Economically active: In employment (including full-time students),27335
E07000030,Eden,2,Economically active: Unemployed (including full-time students),849
E07000030,Eden,3,Economically inactive,18452
E07000031,South Lakeland,-8,Does not apply,14747
E07000031,South Lakeland,1,Economically active: In employment (including full-time students),50137
E07000031,South Lakeland,2,Economically active: Unemployed (including full-time students),1499
E07000031,South Lakeland,3,Economically inactive,38067
E07000032,Amber Valley,-8,Does not apply,21143
E07000032,Amber Valley,1,Economically active: In employment (including full-time students),60171
E07000032,Amber Valley,2,Economically active: Unemployed (including full-time students),2451
E07000032,Amber Valley,3,Economically inactive,42441
E07000033,Bolsover,-8,Does not apply,13995
E07000033,Bolsover,1,Economically active: In employment (including full-time students),38100
E07000033,Bolsover,2,Economically active: Unemployed (including full-time students),1553
E07000033,Bolsover,3,Economically inactive,26625
E07000034,Chesterfield,-8,Does not apply,17565
E07000034,Chesterfield,1,Economically active: In employment (including full-time students),47532
E07000034,Chesterfield,2,Economically active: Unemployed (including full-time students),2351
E07000034,Chesterfield,3,Economically inactive,36121
E07000035,Derbyshire Dales,-8,Does not apply,10480
E07000035,Derbyshire Dales,1,Economically active: In employment (including full-time students),33228
E07000035,Derbyshire Dales,2,Economically active: Unemployed (including full-time students),1144
E07000035,Derbyshire Dales,3,Economically inactive,26688
E07000036,Erewash,-8,Does not apply,19379
E07000036,Erewash,1,Economically active: In employment (including full-time students),54966
E07000036,Erewash,2,Economically active: Unemployed (including full-time students),2512
E07000036,Erewash,3,Economically inactive,36048
E07000037,High Peak,-8,Does not apply,15273
E07000037,High Peak,1,Economically active: In employment (including full-time students),44614
E07000037,High Peak,2,Economically active: Unemployed (including full-time students),1865
E07000037,High Peak,3,Economically inactive,29181
E07000038,North East Derbyshire,-8,Does not apply,16727
E07000038,North East Derbyshire,1,Economically active: In employment (including full-time students),46563
E07000038,North East Derbyshire,2,Economically active: Unemployed (including full-time students),1907
E07000038,North East Derbyshire,3,Economically inactive,36804
E07000039,South Derbyshire,-8,Does not apply,20254
E07000039,South Derbyshire,1,Economically active: In employment (including full-time students),53906
E07000039,South Derbyshire,2,Economically active: Unemployed (including full-time students),1999
E07000039,South Derbyshire,3,Economically inactive,31049
E07000040,East Devon,-8,Does not apply,23439
E07000040,East Devon,1,Economically active: In employment (including full-time students),66726
E07000040,East Devon,2,Economically active: Unemployed (including full-time students),2462
E07000040,East Devon,3,Economically inactive,58200
E07000041,Exeter,-8,Does not apply,19378
E07000041,Exeter,1,Economically active: In employment (including full-time students),59700
E07000041,Exeter,2,Economically active: Unemployed (including full-time students),3555
E07000041,Exeter,3,Economically inactive,48076
E07000042,Mid Devon,-8,Does not apply,14647
E07000042,Mid Devon,1,Economically active: In employment (including full-time students),40282
E07000042,Mid Devon,2,Economically active: Unemployed (including full-time students),1375
E07000042,Mid Devon,3,Economically inactive,26548
E07000043,North Devon,-8,Does not apply,16418
E07000043,North Devon,1,Economically active: In employment (including full-time students),45163
E07000043,North Devon,2,Economically active: Unemployed (including full-time students),1974
E07000043,North Devon,3,Economically inactive,35056
E07000044,South Hams,-8,Does not apply,13659
E07000044,South Hams,1,Economically active: In employment (including full-time students),40585
E07000044,South Hams,2,Economically active: Unemployed (including full-time students),1429
E07000044,South Hams,3,Economically inactive,32955
E07000045,Teignbridge,-8,Does not apply,21342
E07000045,Teignbridge,1,Economically active: In employment (including full-time students),62137
E07000045,Teignbridge,2,Economically active: Unemployed (including full-time students),2399
E07000045,Teignbridge,3,Economically inactive,48926
E07000046,Torridge,-8,Does not apply,10555
E07000046,Torridge,1,Economically active: In employment (including full-time students),30053
E07000046,Torridge,2,Economically active: Unemployed (including full-time students),1364
E07000046,Torridge,3,Economically inactive,26142
E07000047,West Devon,-8,Does not apply,8733
E07000047,West Devon,1,Economically active: In employment (including full-time students),25384
E07000047,West Devon,2,Economically active: Unemployed (including full-time students),933
E07000047,West Devon,3,Economically inactive,22046
E07000061,Eastbourne,-8,Does not apply,17110
E07000061,Eastbourne,1,Economically active: In employment (including full-time students),43831
E07000061,Eastbourne,2,Economically active: Unemployed (including full-time students),2926
E07000061,Eastbourne,3,Economically inactive,37819
E07000062,Hastings,-8,Does not apply,16291
E07000062,Hastings,1,Economically active: In employment (including full-time students),40899
E07000062,Hastings,2,Economically active: Unemployed (including full-time students),2875
E07000062,Hastings,3,Economically inactive,30930
E07000063,Lewes,-8,Does not apply,16683
E07000063,Lewes,1,Economically active: In employment (including full-time students),44507
E07000063,Lewes,2,Economically active: Unemployed (including full-time students),2294
E07000063,Lewes,3,Economically inactive,36421
E07000064,Rother,-8,Does not apply,13621
E07000064,Rother,1,Economically active: In employment (including full-time students),37934
E07000064,Rother,2,Economically active: Unemployed (including full-time students),1980
E07000064,Rother,3,Economically inactive,39575
E07000065,Wealden,-8,Does not apply,26503
E07000065,Wealden,1,Economically active: In employment (including full-time students),74543
E07000065,Wealden,2,Economically active: Unemployed (including full-time students),2961
E07000065,Wealden,3,Economically inactive,56144
E07000066,Basildon,-8,Does not apply,38908
E07000066,Basildon,1,Economically active: In employment (including full-time students),89011
E07000066,Basildon,2,Economically active: Unemployed (including full-time students),4961
E07000066,Basildon,3,Economically inactive,54691
E07000067,Braintree,-8,Does not apply,28699
E07000067,Braintree,1,Economically active: In employment (including full-time students),76284
E07000067,Braintree,2,Economically active: Unemployed (including full-time students),3552
E07000067,Braintree,3,Economically inactive,46733
E07000068,Brentwood,-8,Does not apply,14180
E07000068,Brentwood,1,Economically active: In employment (including full-time students),37901
E07000068,Brentwood,2,Economically active: Unemployed (including full-time students),1606
E07000068,Brentwood,3,Economically inactive,23360
E07000069,Castle Point,-8,Does not apply,15175
E07000069,Castle Point,1,Economically active: In employment (including full-time students),41006
E07000069,Castle Point,2,Economically active: Unemployed (including full-time students),1902
E07000069,Castle Point,3,Economically inactive,31504
E07000070,Chelmsford,-8,Does not apply,33785
E07000070,Chelmsford,1,Economically active: In employment (including full-time students),89862
E07000070,Chelmsford,2,Economically active: Unemployed (including full-time students),3983
E07000070,Chelmsford,3,Economically inactive,53893
E07000071,Colchester,-8,Does not apply,36373
E07000071,Colchester,1,Economically active: In employment (including full-time students),92015
E07000071,Colchester,2,Economically active: Unemployed (including full-time students),5480
E07000071,Colchester,3,Economically inactive,58847
E07000072,Epping Forest,-8,Does not apply,25048
E07000072,Epping Forest,1,Economically active: In employment (including full-time students),65796
E07000072,Epping Forest,2,Economically active: Unemployed (including full-time students),3434
E07000072,Epping Forest,3,Economically inactive,40702
E07000073,Harlow,-8,Does not apply,20226
E07000073,Harlow,1,Economically active: In employment (including full-time students),45981
E07000073,Harlow,2,Economically active: Unemployed (including full-time students),2845
E07000073,Harlow,3,Economically inactive,24276
E07000074,Maldon,-8,Does not apply,10780
E07000074,Maldon,1,Economically active: In employment (including full-time students),31256
E07000074,Maldon,2,Economically active: Unemployed (including full-time students),1327
E07000074,Maldon,3,Economically inactive,22845
E07000075,Rochford,-8,Does not apply,14951
E07000075,Rochford,1,Economically active: In employment (including full-time students),40658
E07000075,Rochford,2,Economically active: Unemployed (including full-time students),1823
E07000075,Rochford,3,Economically inactive,28228
E07000076,Tendring,-8,Does not apply,23401
E07000076,Tendring,1,Economically active: In employment (including full-time students),58281
E07000076,Tendring,2,Economically active: Unemployed (including full-time students),3852
E07000076,Tendring,3,Economically inactive,62758
E07000077,Uttlesford,-8,Does not apply,17820
E07000077,Uttlesford,1,Economically active: In employment (including full-time students),45742
E07000077,Uttlesford,2,Economically active: Unemployed (including full-time students),1730
E07000077,Uttlesford,3,Economically inactive,26049
E07000078,Cheltenham,-8,Does not apply,20400
E07000078,Cheltenham,1,Economically active: In employment (including full-time students),59157
E07000078,Cheltenham,2,Economically active: Unemployed (including full-time students),2716
E07000078,Cheltenham,3,Economically inactive,36563
E07000079,Cotswold,-8,Does not apply,14517
E07000079,Cotswold,1,Economically active: In employment (including full-time students),44079
E07000079,Cotswold,2,Economically active: Unemployed (including full-time students),1573
E07000079,Cotswold,3,Economically inactive,30663
E07000080,Forest of Dean,-8,Does not apply,13957
E07000080,Forest of Dean,1,Economically active: In employment (including full-time students),39990
E07000080,Forest of Dean,2,Economically active: Unemployed (including full-time students),1788
E07000080,Forest of Dean,3,Economically inactive,31269
E07000081,Gloucester,-8,Does not apply,25477
E07000081,Gloucester,1,Economically active: In employment (including full-time students),65621
E07000081,Gloucester,2,Economically active: Unemployed (including full-time students),3335
E07000081,Gloucester,3,Economically inactive,37983
E07000082,Stroud,-8,Does not apply,20909
E07000082,Stroud,1,Economically active: In employment (including full-time students),59919
E07000082,Stroud,2,Economically active: Unemployed (including full-time students),2118
E07000082,Stroud,3,Economically inactive,38158
E07000083,Tewkesbury,-8,Does not apply,17531
E07000083,Tewkesbury,1,Economically active: In employment (including full-time students),46524
E07000083,Tewkesbury,2,Economically active: Unemployed (including full-time students),1702
E07000083,Tewkesbury,3,Economically inactive,29127
E07000084,Basingstoke and Deane,-8,Does not apply,35347
E07000084,Basingstoke and Deane,1,Economically active: In employment (including full-time students),96973
E07000084,Basingstoke and Deane,2,Economically active: Unemployed (including full-time students),4135
E07000084,Basingstoke and Deane,3,Economically inactive,48700
E07000085,East Hampshire,-8,Does not apply,21914
E07000085,East Hampshire,1,Economically active: In employment (including full-time students),61734
E07000085,East Hampshire,2,Economically active: Unemployed (including full-time students),2384
E07000085,East Hampshire,3,Economically inactive,39714
E07000086,Eastleigh,-8,Does not apply,26111
E07000086,Eastleigh,1,Economically active: In employment (including full-time students),69516
E07000086,Eastleigh,2,Economically active: Unemployed (including full-time students),2698
E07000086,Eastleigh,3,Economically inactive,38118
E07000087,Fareham,-8,Does not apply,18875
E07000087,Fareham,1,Economically active: In employment (including full-time students),55631
E07000087,Fareham,2,Economically active: Unemployed (including full-time students),2064
E07000087,Fareham,3,Economically inactive,37943
E07000088,Gosport,-8,Does not apply,14741
E07000088,Gosport,1,Economically active: In employment (including full-time students),38484
E07000088,Gosport,2,Economically active: Unemployed (including full-time students),2082
E07000088,Gosport,3,Economically inactive,26645
E07000089,Hart,-8,Does not apply,19080
E07000089,Hart,1,Economically active: In employment (including full-time students),50445
E07000089,Hart,2,Economically active: Unemployed (including full-time students),1968
E07000089,Hart,3,Economically inactive,27915
E07000090,Havant,-8,Does not apply,21343
E07000090,Havant,1,Economically active: In employment (including full-time students),56368
E07000090,Havant,2,Economically active: Unemployed (including full-time students),2981
E07000090,Havant,3,Economically inactive,43516
E07000091,New Forest,-8,Does not apply,27041
E07000091,New Forest,1,Economically active: In employment (including full-time students),78702
E07000091,New Forest,2,Economically active: Unemployed (including full-time students),3077
E07000091,New Forest,3,Economically inactive,66965
E07000092,Rushmoor,-8,Does not apply,18885
E07000092,Rushmoor,1,Economically active: In employment (including full-time students),53015
E07000092,Rushmoor,2,Economically active: Unemployed (including full-time students),2532
E07000092,Rushmoor,3,Economically inactive,25324
E07000093,Test Valley,-8,Does not apply,23741
E07000093,Test Valley,1,Economically active: In employment (including full-time students),65860
E07000093,Test Valley,2,Economically active: Unemployed (including full-time students),2308
E07000093,Test Valley,3,Economically inactive,38582
E07000094,Winchester,-8,Does not apply,22693
E07000094,Winchester,1,Economically active: In employment (including full-time students),60573
E07000094,Winchester,2,Economically active: Unemployed (including full-time students),2716
E07000094,Winchester,3,Economically inactive,41461
E07000095,Broxbourne,-8,Does not apply,19570
E07000095,Broxbourne,1,Economically active: In employment (including full-time students),48306
E07000095,Broxbourne,2,Economically active: Unemployed (including full-time students),2663
E07000095,Broxbourne,3,Economically inactive,28468
E07000096,Dacorum,-8,Does not apply,31301
E07000096,Dacorum,1,Economically active: In employment (including full-time students),77199
E07000096,Dacorum,2,Economically active: Unemployed (including full-time students),3589
E07000096,Dacorum,3,Economically inactive,42992
E07000098,Hertsmere,-8,Does not apply,21635
E07000098,Hertsmere,1,Economically active: In employment (including full-time students),52766
E07000098,Hertsmere,2,Economically active: Unemployed (including full-time students),2760
E07000098,Hertsmere,3,Economically inactive,30667
E07000099,North Hertfordshire,-8,Does not apply,25467
E07000099,North Hertfordshire,1,Economically active: In employment (including full-time students),67161
E07000099,North Hertfordshire,2,Economically active: Unemployed (including full-time students),2850
E07000099,North Hertfordshire,3,Economically inactive,37732
E07000102,Three Rivers,-8,Does not apply,18768
E07000102,Three Rivers,1,Economically active: In employment (including full-time students),46948
E07000102,Three Rivers,2,Economically active: Unemployed (including full-time students),2146
E07000102,Three Rivers,3,Economically inactive,25909
E07000103,Watford,-8,Does not apply,21282
E07000103,Watford,1,Economically active: In employment (including full-time students),52859
E07000103,Watford,2,Economically active: Unemployed (including full-time students),3082
E07000103,Watford,3,Economically inactive,25022
E07000105,Ashford,-8,Does not apply,25978
E07000105,Ashford,1,Economically active: In employment (including full-time students),63617
E07000105,Ashford,2,Economically active: Unemployed (including full-time students),3064
E07000105,Ashford,3,Economically inactive,40090
E07000106,Canterbury,-8,Does not apply,24655
E07000106,Canterbury,1,Economically active: In employment (including full-time students),66164
E07000106,Canterbury,2,Economically active: Unemployed (including full-time students),5235
E07000106,Canterbury,3,Economically inactive,61375
E07000107,Dartford,-8,Does not apply,26055
E07000107,Dartford,1,Economically active: In employment (including full-time students),58823
E07000107,Dartford,2,Economically active: Unemployed (including full-time students),3004
E07000107,Dartford,3,Economically inactive,28871
E07000108,Dover,-8,Does not apply,20279
E07000108,Dover,1,Economically active: In employment (including full-time students),50926
E07000108,Dover,2,Economically active: Unemployed (including full-time students),3052
E07000108,Dover,3,Economically inactive,42153
E07000109,Gravesham,-8,Does not apply,22346
E07000109,Gravesham,1,Economically active: In employment (including full-time students),49761
E07000109,Gravesham,2,Economically active: Unemployed (including full-time students),3251
E07000109,Gravesham,3,Economically inactive,31543
E07000110,Maidstone,-8,Does not apply,33646
E07000110,Maidstone,1,Economically active: In employment (including full-time students),86409
E07000110,Maidstone,2,Economically active: Unemployed (including full-time students),3854
E07000110,Maidstone,3,Economically inactive,51873
E07000111,Sevenoaks,-8,Does not apply,23911
E07000111,Sevenoaks,1,Economically active: In employment (including full-time students),56384
E07000111,Sevenoaks,2,Economically active: Unemployed (including full-time students),2344
E07000111,Sevenoaks,3,Economically inactive,37875
E07000112,Folkestone and Hythe,-8,Does not apply,18203
E07000112,Folkestone and Hythe,1,Economically active: In employment (including full-time students),47819
E07000112,Folkestone and Hythe,2,Economically active: Unemployed (including full-time students),2945
E07000112,Folkestone and Hythe,3,Economically inactive,40791
E07000113,Swale,-8,Does not apply,29677
E07000113,Swale,1,Economically active: In employment (including full-time students),69203
E07000113,Swale,2,Economically active: Unemployed (including full-time students),3916
E07000113,Swale,3,Economically inactive,48881
E07000114,Thanet,-8,Does not apply,25170
E07000114,Thanet,1,Economically active: In employment (including full-time students),59190
E07000114,Thanet,2,Economically active: Unemployed (including full-time students),4147
E07000114,Thanet,3,Economically inactive,52080
E07000115,Tonbridge and Malling,-8,Does not apply,26675
E07000115,Tonbridge and Malling,1,Economically active: In employment (including full-time students),64426
E07000115,Tonbridge and Malling,2,Economically active: Unemployed (including full-time students),2565
E07000115,Tonbridge and Malling,3,Economically inactive,38535
E07000116,Tunbridge Wells,-8,Does not apply,22909
E07000116,Tunbridge Wells,1,Economically active: In employment (including full-time students),55898
E07000116,Tunbridge Wells,2,Economically active: Unemployed (including full-time students),2386
E07000116,Tunbridge Wells,3,Economically inactive,34118
E07000117,Burnley,-8,Does not apply,19447
E07000117,Burnley,1,Economically active: In employment (including full-time students),40034
E07000117,Burnley,2,Economically active: Unemployed (including full-time students),2700
E07000117,Burnley,3,Economically inactive,32463
E07000118,Chorley,-8,Does not apply,21363
E07000118,Chorley,1,Economically active: In employment (including full-time students),57244
E07000118,Chorley,2,Economically active: Unemployed (including full-time students),2266
E07000118,Chorley,3,Economically inactive,36859
E07000119,Fylde,-8,Does not apply,12127
E07000119,Fylde,1,Economically active: In employment (including full-time students),35716
E07000119,Fylde,2,Economically active: Unemployed (including full-time students),1619
E07000119,Fylde,3,Economically inactive,31912
E07000120,Hyndburn,-8,Does not apply,16602
E07000120,Hyndburn,1,Economically active: In employment (including full-time students),35627
E07000120,Hyndburn,2,Economically active: Unemployed (including full-time students),2216
E07000120,Hyndburn,3,Economically inactive,27789
E07000121,Lancaster,-8,Does not apply,23291
E07000121,Lancaster,1,Economically active: In employment (including full-time students),62401
E07000121,Lancaster,2,Economically active: Unemployed (including full-time students),3381
E07000121,Lancaster,3,Economically inactive,53858
E07000122,Pendle,-8,Does not apply,20535
E07000122,Pendle,1,Economically active: In employment (including full-time students),39623
E07000122,Pendle,2,Economically active: Unemployed (including full-time students),2387
E07000122,Pendle,3,Economically inactive,33212
E07000123,Preston,-8,Does not apply,29166
E07000123,Preston,1,Economically active: In employment (including full-time students),66634
E07000123,Preston,2,Economically active: Unemployed (including full-time students),4556
E07000123,Preston,3,Economically inactive,47479
E07000124,Ribble Valley,-8,Does not apply,10099
E07000124,Ribble Valley,1,Economically active: In employment (including full-time students),30385
E07000124,Ribble Valley,2,Economically active: Unemployed (including full-time students),863
E07000124,Ribble Valley,3,Economically inactive,20214
E07000125,Rossendale,-8,Does not apply,13572
E07000125,Rossendale,1,Economically active: In employment (including full-time students),33116
E07000125,Rossendale,2,Economically active: Unemployed (including full-time students),1562
E07000125,Rossendale,3,Economically inactive,22622
E07000126,South Ribble,-8,Does not apply,19536
E07000126,South Ribble,1,Economically active: In employment (including full-time students),54711
E07000126,South Ribble,2,Economically active: Unemployed (including full-time students),2044
E07000126,South Ribble,3,Economically inactive,34744
E07000127,West Lancashire,-8,Does not apply,19094
E07000127,West Lancashire,1,Economically active: In employment (including full-time students),53546
E07000127,West Lancashire,2,Economically active: Unemployed (including full-time students),2976
E07000127,West Lancashire,3,Economically inactive,41811
E07000128,Wyre,-8,Does not apply,17595
E07000128,Wyre,1,Economically active: In employment (including full-time students),47835
E07000128,Wyre,2,Economically active: Unemployed (including full-time students),2471
E07000128,Wyre,3,Economically inactive,44045
E07000129,Blaby,-8,Does not apply,19260
E07000129,Blaby,1,Economically active: In employment (including full-time students),51446
E07000129,Blaby,2,Economically active: Unemployed (including full-time students),2064
E07000129,Blaby,3,Economically inactive,30155
E07000130,Charnwood,-8,Does not apply,30871
E07000130,Charnwood,1,Economically active: In employment (including full-time students),84799
E07000130,Charnwood,2,Economically active: Unemployed (including full-time students),4370
E07000130,Charnwood,3,Economically inactive,63928
E07000131,Harborough,-8,Does not apply,17197
E07000131,Harborough,1,Economically active: In employment (including full-time students),48771
E07000131,Harborough,2,Economically active: Unemployed (including full-time students),1545
E07000131,Harborough,3,Economically inactive,30112
E07000132,Hinckley and Bosworth,-8,Does not apply,19722
E07000132,Hinckley and Bosworth,1,Economically active: In employment (including full-time students),55886
E07000132,Hinckley and Bosworth,2,Economically active: Unemployed (including full-time students),2060
E07000132,Hinckley and Bosworth,3,Economically inactive,35972
E07000133,Melton,-8,Does not apply,8806
E07000133,Melton,1,Economically active: In employment (including full-time students),25465
E07000133,Melton,2,Economically active: Unemployed (including full-time students),902
E07000133,Melton,3,Economically inactive,16579
E07000134,North West Leicestershire,-8,Does not apply,18540
E07000134,North West Leicestershire,1,Economically active: In employment (including full-time students),51961
E07000134,North West Leicestershire,2,Economically active: Unemployed (including full-time students),2040
E07000134,North West Leicestershire,3,Economically inactive,32164
E07000135,Oadby and Wigston,-8,Does not apply,10537
E07000135,Oadby and Wigston,1,Economically active: In employment (including full-time students),25988
E07000135,Oadby and Wigston,2,Economically active: Unemployed (including full-time students),1452
E07000135,Oadby and Wigston,3,Economically inactive,19767
E07000136,Boston,-8,Does not apply,12918
E07000136,Boston,1,Economically active: In employment (including full-time students),33631
E07000136,Boston,2,Economically active: Unemployed (including full-time students),1629
E07000136,Boston,3,Economically inactive,22324
E07000137,East Lindsey,-8,Does not apply,20878
E07000137,East Lindsey,1,Economically active: In employment (including full-time students),55577
E07000137,East Lindsey,2,Economically active: Unemployed (including full-time students),3509
E07000137,East Lindsey,3,Economically inactive,62332
E07000138,Lincoln,-8,Does not apply,16746
E07000138,Lincoln,1,Economically active: In employment (including full-time students),46718
E07000138,Lincoln,2,Economically active: Unemployed (including full-time students),3875
E07000138,Lincoln,3,Economically inactive,36474
E07000139,North Kesteven,-8,Does not apply,20059
E07000139,North Kesteven,1,Economically active: In employment (including full-time students),56892
E07000139,North Kesteven,2,Economically active: Unemployed (including full-time students),2084
E07000139,North Kesteven,3,Economically inactive,39039
E07000140,South Holland,-8,Does not apply,16124
E07000140,South Holland,1,Economically active: In employment (including full-time students),45234
E07000140,South Holland,2,Economically active: Unemployed (including full-time students),1975
E07000140,South Holland,3,Economically inactive,31790
E07000141,South Kesteven,-8,Does not apply,25394
E07000141,South Kesteven,1,Economically active: In employment (including full-time students),68194
E07000141,South Kesteven,2,Economically active: Unemployed (including full-time students),2990
E07000141,South Kesteven,3,Economically inactive,46826
E07000142,West Lindsey,-8,Does not apply,16036
E07000142,West Lindsey,1,Economically active: In employment (including full-time students),42136
E07000142,West Lindsey,2,Economically active: Unemployed (including full-time students),2021
E07000142,West Lindsey,3,Economically inactive,34960
E07000143,Breckland,-8,Does not apply,23624
E07000143,Breckland,1,Economically active: In employment (including full-time students),65638
E07000143,Breckland,2,Economically active: Unemployed (including full-time students),2802
E07000143,Breckland,3,Economically inactive,49412
E07000144,Broadland,-8,Does not apply,21215
E07000144,Broadland,1,Economically active: In employment (including full-time students),62589
E07000144,Broadland,2,Economically active: Unemployed (including full-time students),2239
E07000144,Broadland,3,Economically inactive,45678
E07000145,Great Yarmouth,-8,Does not apply,17029
E07000145,Great Yarmouth,1,Economically active: In employment (including full-time students),41141
E07000145,Great Yarmouth,2,Economically active: Unemployed (including full-time students),3336
E07000145,Great Yarmouth,3,Economically inactive,38247
E07000146,King's Lynn and West Norfolk,-8,Does not apply,25433
E07000146,King's Lynn and West Norfolk,1,Economically active: In employment (including full-time students),69223
E07000146,King's Lynn and West Norfolk,2,Economically active: Unemployed (including full-time students),3178
E07000146,King's Lynn and West Norfolk,3,Economically inactive,56490
E07000147,North Norfolk,-8,Does not apply,13835
E07000147,North Norfolk,1,Economically active: In employment (including full-time students),41659
E07000147,North Norfolk,2,Economically active: Unemployed (including full-time students),1959
E07000147,North Norfolk,3,Economically inactive,45527
E07000148,Norwich,-8,Does not apply,23159
E07000148,Norwich,1,Economically active: In employment (including full-time students),65720
E07000148,Norwich,2,Economically active: Unemployed (including full-time students),5335
E07000148,Norwich,3,Economically inactive,49708
E07000149,South Norfolk,-8,Does not apply,24729
E07000149,South Norfolk,1,Economically active: In employment (including full-time students),67749
E07000149,South Norfolk,2,Economically active: Unemployed (including full-time students),2341
E07000149,South Norfolk,3,Economically inactive,47129
E07000163,Craven,-8,Does not apply,8643
E07000163,Craven,1,Economically active: In employment (including full-time students),27132
E07000163,Craven,2,Economically active: Unemployed (including full-time students),812
E07000163,Craven,3,Economically inactive,20340
E07000164,Hambleton,-8,Does not apply,13706
E07000164,Hambleton,1,Economically active: In employment (including full-time students),43405
E07000164,Hambleton,2,Economically active: Unemployed (including full-time students),1332
E07000164,Hambleton,3,Economically inactive,32248
E07000165,Harrogate,-8,Does not apply,27362
E07000165,Harrogate,1,Economically active: In employment (including full-time students),79685
E07000165,Harrogate,2,Economically active: Unemployed (including full-time students),2600
E07000165,Harrogate,3,Economically inactive,53020
E07000166,Richmondshire,-8,Does not apply,8036
E07000166,Richmondshire,1,Economically active: In employment (including full-time students),24679
E07000166,Richmondshire,2,Economically active: Unemployed (including full-time students),851
E07000166,Richmondshire,3,Economically inactive,16210
E07000167,Ryedale,-8,Does not apply,8382
E07000167,Ryedale,1,Economically active: In employment (including full-time students),25961
E07000167,Ryedale,2,Economically active: Unemployed (including full-time students),811
E07000167,Ryedale,3,Economically inactive,19553
E07000168,Scarborough,-8,Does not apply,16626
E07000168,Scarborough,1,Economically active: In employment (including full-time students),46550
E07000168,Scarborough,2,Economically active: Unemployed (including full-time students),2425
E07000168,Scarborough,3,Economically inactive,43135
E07000169,Selby,-8,Does not apply,16556
E07000169,Selby,1,Economically active: In employment (including full-time students),46124
E07000169,Selby,2,Economically active: Unemployed (including full-time students),1711
E07000169,Selby,3,Economically inactive,27596
E07000170,Ashfield,-8,Does not apply,23454
E07000170,Ashfield,1,Economically active: In employment (including full-time students),58430
E07000170,Ashfield,2,Economically active: Unemployed (including full-time students),3102
E07000170,Ashfield,3,Economically inactive,41312
E07000171,Bassetlaw,-8,Does not apply,20437
E07000171,Bassetlaw,1,Economically active: In employment (including full-time students),54917
E07000171,Bassetlaw,2,Economically active: Unemployed (including full-time students),2362
E07000171,Bassetlaw,3,Economically inactive,40088
E07000172,Broxtowe,-8,Does not apply,18400
E07000172,Broxtowe,1,Economically active: In employment (including full-time students),51916
E07000172,Broxtowe,2,Economically active: Unemployed (including full-time students),2501
E07000172,Broxtowe,3,Economically inactive,38123
E07000173,Gedling,-8,Does not apply,20806
E07000173,Gedling,1,Economically active: In employment (including full-time students),56187
E07000173,Gedling,2,Economically active: Unemployed (including full-time students),2503
E07000173,Gedling,3,Economically inactive,37767
E07000174,Mansfield,-8,Does not apply,20312
E07000174,Mansfield,1,Economically active: In employment (including full-time students),51367
E07000174,Mansfield,2,Economically active: Unemployed (including full-time students),2515
E07000174,Mansfield,3,Economically inactive,36288
E07000175,Newark and Sherwood,-8,Does not apply,20988
E07000175,Newark and Sherwood,1,Economically active: In employment (including full-time students),57114
E07000175,Newark and Sherwood,2,Economically active: Unemployed (including full-time students),2448
E07000175,Newark and Sherwood,3,Economically inactive,42406
E07000176,Rushcliffe,-8,Does not apply,21354
E07000176,Rushcliffe,1,Economically active: In employment (including full-time students),56978
E07000176,Rushcliffe,2,Economically active: Unemployed (including full-time students),2137
E07000176,Rushcliffe,3,Economically inactive,38608
E07000177,Cherwell,-8,Does not apply,30428
E07000177,Cherwell,1,Economically active: In employment (including full-time students),84972
E07000177,Cherwell,2,Economically active: Unemployed (including full-time students),3227
E07000177,Cherwell,3,Economically inactive,42389
E07000178,Oxford,-8,Does not apply,25322
E07000178,Oxford,1,Economically active: In employment (including full-time students),73326
E07000178,Oxford,2,Economically active: Unemployed (including full-time students),4343
E07000178,Oxford,3,Economically inactive,59049
E07000179,South Oxfordshire,-8,Does not apply,27594
E07000179,South Oxfordshire,1,Economically active: In employment (including full-time students),76476
E07000179,South Oxfordshire,2,Economically active: Unemployed (including full-time students),2660
E07000179,South Oxfordshire,3,Economically inactive,42355
E07000180,Vale of White Horse,-8,Does not apply,26486
E07000180,Vale of White Horse,1,Economically active: In employment (including full-time students),70864
E07000180,Vale of White Horse,2,Economically active: Unemployed (including full-time students),2418
E07000180,Vale of White Horse,3,Economically inactive,39145
E07000181,West Oxfordshire,-8,Does not apply,20428
E07000181,West Oxfordshire,1,Economically active: In employment (including full-time students),58926
E07000181,West Oxfordshire,2,Economically active: Unemployed (including full-time students),1883
E07000181,West Oxfordshire,3,Economically inactive,33000
E07000187,Mendip,-8,Does not apply,20038
E07000187,Mendip,1,Economically active: In employment (including full-time students),55671
E07000187,Mendip,2,Economically active: Unemployed (including full-time students),2188
E07000187,Mendip,3,Economically inactive,38192
E07000188,Sedgemoor,-8,Does not apply,21562
E07000188,Sedgemoor,1,Economically active: In employment (including full-time students),59147
E07000188,Sedgemoor,2,Economically active: Unemployed (including full-time students),2531
E07000188,Sedgemoor,3,Economically inactive,42103
E07000189,South Somerset,-8,Does not apply,28858
E07000189,South Somerset,1,Economically active: In employment (including full-time students),80931
E07000189,South Somerset,2,Economically active: Unemployed (including full-time students),3137
E07000189,South Somerset,3,Economically inactive,59745
E07000192,Cannock Chase,-8,Does not apply,18041
E07000192,Cannock Chase,1,Economically active: In employment (including full-time students),48877
E07000192,Cannock Chase,2,Economically active: Unemployed (including full-time students),2501
E07000192,Cannock Chase,3,Economically inactive,31100
E07000193,East Staffordshire,-8,Does not apply,23511
E07000193,East Staffordshire,1,Economically active: In employment (including full-time students),59318
E07000193,East Staffordshire,2,Economically active: Unemployed (including full-time students),2856
E07000193,East Staffordshire,3,Economically inactive,38337
E07000194,Lichfield,-8,Does not apply,17840
E07000194,Lichfield,1,Economically active: In employment (including full-time students),50472
E07000194,Lichfield,2,Economically active: Unemployed (including full-time students),2166
E07000194,Lichfield,3,Economically inactive,35958
E07000195,Newcastle-under-Lyme,-8,Does not apply,20116
E07000195,Newcastle-under-Lyme,1,Economically active: In employment (including full-time students),56682
E07000195,Newcastle-under-Lyme,2,Economically active: Unemployed (including full-time students),2960
E07000195,Newcastle-under-Lyme,3,Economically inactive,43541
E07000196,South Staffordshire,-8,Does not apply,17100
E07000196,South Staffordshire,1,Economically active: In employment (including full-time students),50699
E07000196,South Staffordshire,2,Economically active: Unemployed (including full-time students),2267
E07000196,South Staffordshire,3,Economically inactive,40406
E07000197,Stafford,-8,Does not apply,23251
E07000197,Stafford,1,Economically active: In employment (including full-time students),65766
E07000197,Stafford,2,Economically active: Unemployed (including full-time students),2620
E07000197,Stafford,3,Economically inactive,45229
E07000198,Staffordshire Moorlands,-8,Does not apply,14990
E07000198,Staffordshire Moorlands,1,Economically active: In employment (including full-time students),45035
E07000198,Staffordshire Moorlands,2,Economically active: Unemployed (including full-time students),1610
E07000198,Staffordshire Moorlands,3,Economically inactive,34207
E07000199,Tamworth,-8,Does not apply,14856
E07000199,Tamworth,1,Economically active: In employment (including full-time students),38158
E07000199,Tamworth,2,Economically active: Unemployed (including full-time students),2069
E07000199,Tamworth,3,Economically inactive,23564
E07000200,Babergh,-8,Does not apply,14962
E07000200,Babergh,1,Economically active: In employment (including full-time students),42957
E07000200,Babergh,2,Economically active: Unemployed (including full-time students),1868
E07000200,Babergh,3,Economically inactive,32554
E07000202,Ipswich,-8,Does not apply,27809
E07000202,Ipswich,1,Economically active: In employment (including full-time students),67026
E07000202,Ipswich,2,Economically active: Unemployed (including full-time students),4090
E07000202,Ipswich,3,Economically inactive,40716
E07000203,Mid Suffolk,-8,Does not apply,16394
E07000203,Mid Suffolk,1,Economically active: In employment (including full-time students),50024
E07000203,Mid Suffolk,2,Economically active: Unemployed (including full-time students),1735
E07000203,Mid Suffolk,3,Economically inactive,34546
E07000207,Elmbridge,-8,Does not apply,29980
E07000207,Elmbridge,1,Economically active: In employment (including full-time students),66980
E07000207,Elmbridge,2,Economically active: Unemployed (including full-time students),3020
E07000207,Elmbridge,3,Economically inactive,38774
E07000208,Epsom and Ewell,-8,Does not apply,16331
E07000208,Epsom and Ewell,1,Economically active: In employment (including full-time students),39909
E07000208,Epsom and Ewell,2,Economically active: Unemployed (including full-time students),1807
E07000208,Epsom and Ewell,3,Economically inactive,22891
E07000209,Guildford,-8,Does not apply,24295
E07000209,Guildford,1,Economically active: In employment (including full-time students),69774
E07000209,Guildford,2,Economically active: Unemployed (including full-time students),3655
E07000209,Guildford,3,Economically inactive,45927
E07000210,Mole Valley,-8,Does not apply,15047
E07000210,Mole Valley,1,Economically active: In employment (including full-time students),42341
E07000210,Mole Valley,2,Economically active: Unemployed (including full-time students),1688
E07000210,Mole Valley,3,Economically inactive,28311
E07000211,Reigate and Banstead,-8,Does not apply,30717
E07000211,Reigate and Banstead,1,Economically active: In employment (including full-time students),75127
E07000211,Reigate and Banstead,2,Economically active: Unemployed (including full-time students),3346
E07000211,Reigate and Banstead,3,Economically inactive,41656
E07000212,Runnymede,-8,Does not apply,15361
E07000212,Runnymede,1,Economically active: In employment (including full-time students),42457
E07000212,Runnymede,2,Economically active: Unemployed (including full-time students),2645
E07000212,Runnymede,3,Economically inactive,27616
E07000213,Spelthorne,-8,Does not apply,19594
E07000213,Spelthorne,1,Economically active: In employment (including full-time students),51539
E07000213,Spelthorne,2,Economically active: Unemployed (including full-time students),3015
E07000213,Spelthorne,3,Economically inactive,28808
E07000214,Surrey Heath,-8,Does not apply,16669
E07000214,Surrey Heath,1,Economically active: In employment (including full-time students),45363
E07000214,Surrey Heath,2,Economically active: Unemployed (including full-time students),2083
E07000214,Surrey Heath,3,Economically inactive,26338
E07000215,Tandridge,-8,Does not apply,17048
E07000215,Tandridge,1,Economically active: In employment (including full-time students),42575
E07000215,Tandridge,2,Economically active: Unemployed (including full-time students),1876
E07000215,Tandridge,3,Economically inactive,26375
E07000216,Waverley,-8,Does not apply,24594
E07000216,Waverley,1,Economically active: In employment (including full-time students),60722
E07000216,Waverley,2,Economically active: Unemployed (including full-time students),2395
E07000216,Waverley,3,Economically inactive,40518
E07000217,Woking,-8,Does not apply,20961
E07000217,Woking,1,Economically active: In employment (including full-time students),52742
E07000217,Woking,2,Economically active: Unemployed (including full-time students),2494
E07000217,Woking,3,Economically inactive,27746
E07000218,North Warwickshire,-8,Does not apply,11137
E07000218,North Warwickshire,1,Economically active: In employment (including full-time students),31754
E07000218,North Warwickshire,2,Economically active: Unemployed (including full-time students),1456
E07000218,North Warwickshire,3,Economically inactive,20688
E07000219,Nuneaton and Bedworth,-8,Does not apply,25609
E07000219,Nuneaton and Bedworth,1,Economically active: In employment (including full-time students),63114
E07000219,Nuneaton and Bedworth,2,Economically active: Unemployed (including full-time students),3474
E07000219,Nuneaton and Bedworth,3,Economically inactive,42000
E07000220,Rugby,-8,Does not apply,22176
E07000220,Rugby,1,Economically active: In employment (including full-time students),58106
E07000220,Rugby,2,Economically active: Unemployed (including full-time students),2280
E07000220,Rugby,3,Economically inactive,31798
E07000221,Stratford-on-Avon,-8,Does not apply,22086
E07000221,Stratford-on-Avon,1,Economically active: In employment (including full-time students),66236
E07000221,Stratford-on-Avon,2,Economically active: Unemployed (including full-time students),2276
E07000221,Stratford-on-Avon,3,Economically inactive,44127
E07000222,Warwick,-8,Does not apply,25201
E07000222,Warwick,1,Economically active: In employment (including full-time students),72748
E07000222,Warwick,2,Economically active: Unemployed (including full-time students),3451
E07000222,Warwick,3,Economically inactive,47053
E07000223,Adur,-8,Does not apply,11591
E07000223,Adur,1,Economically active: In employment (including full-time students),29825
E07000223,Adur,2,Economically active: Unemployed (including full-time students),1446
E07000223,Adur,3,Economically inactive,21682
E07000224,Arun,-8,Does not apply,25335
E07000224,Arun,1,Economically active: In employment (including full-time students),73191
E07000224,Arun,2,Economically active: Unemployed (including full-time students),3641
E07000224,Arun,3,Economically inactive,62722
E07000225,Chichester,-8,Does not apply,19358
E07000225,Chichester,1,Economically active: In employment (including full-time students),56366
E07000225,Chichester,2,Economically active: Unemployed (including full-time students),2715
E07000225,Chichester,3,Economically inactive,45628
E07000226,Crawley,-8,Does not apply,24924
E07000226,Crawley,1,Economically active: In employment (including full-time students),58901
E07000226,Crawley,2,Economically active: Unemployed (including full-time students),4649
E07000226,Crawley,3,Economically inactive,30019
E07000227,Horsham,-8,Does not apply,26115
E07000227,Horsham,1,Economically active: In employment (including full-time students),72167
E07000227,Horsham,2,Economically active: Unemployed (including full-time students),2910
E07000227,Horsham,3,Economically inactive,45586
E07000228,Mid Sussex,-8,Does not apply,29250
E07000228,Mid Sussex,1,Economically active: In employment (including full-time students),76572
E07000228,Mid Sussex,2,Economically active: Unemployed (including full-time students),2937
E07000228,Mid Sussex,3,Economically inactive,43807
E07000229,Worthing,-8,Does not apply,18983
E07000229,Worthing,1,Economically active: In employment (including full-time students),53557
E07000229,Worthing,2,Economically active: Unemployed (including full-time students),2745
E07000229,Worthing,3,Economically inactive,36053
E07000234,Bromsgrove,-8,Does not apply,18082
E07000234,Bromsgrove,1,Economically active: In employment (including full-time students),47287
E07000234,Bromsgrove,2,Economically active: Unemployed (including full-time students),1990
E07000234,Bromsgrove,3,Economically inactive,31824
E07000235,Malvern Hills,-8,Does not apply,12366
E07000235,Malvern Hills,1,Economically active: In employment (including full-time students),35800
E07000235,Malvern Hills,2,Economically active: Unemployed (including full-time students),1552
E07000235,Malvern Hills,3,Economically inactive,29768
E07000236,Redditch,-8,Does not apply,16785
E07000236,Redditch,1,Economically active: In employment (including full-time students),42694
E07000236,Redditch,2,Economically active: Unemployed (including full-time students),2155
E07000236,Redditch,3,Economically inactive,25402
E07000237,Worcester,-8,Does not apply,18265
E07000237,Worcester,1,Economically active: In employment (including full-time students),51629
E07000237,Worcester,2,Economically active: Unemployed (including full-time students),2976
E07000237,Worcester,3,Economically inactive,31004
E07000238,Wychavon,-8,Does not apply,21775
E07000238,Wychavon,1,Economically active: In employment (including full-time students),63660
E07000238,Wychavon,2,Economically active: Unemployed (including full-time students),2403
E07000238,Wychavon,3,Economically inactive,44654
E07000239,Wyre Forest,-8,Does not apply,17044
E07000239,Wyre Forest,1,Economically active: In employment (including full-time students),45789
E07000239,Wyre Forest,2,Economically active: Unemployed (including full-time students),2445
E07000239,Wyre Forest,3,Economically inactive,36328
E07000240,St Albans,-8,Does not apply,32078
E07000240,St Albans,1,Economically active: In employment (including full-time students),72871
E07000240,St Albans,2,Economically active: Unemployed (including full-time students),2983
E07000240,St Albans,3,Economically inactive,40236
E07000241,Welwyn Hatfield,-8,Does not apply,22352
E07000241,Welwyn Hatfield,1,Economically active: In employment (including full-time students),58149
E07000241,Welwyn Hatfield,2,Economically active: Unemployed (including full-time students),3801
E07000241,Welwyn Hatfield,3,Economically inactive,35534
E07000242,East Hertfordshire,-8,Does not apply,29006
E07000242,East Hertfordshire,1,Economically active: In employment (including full-time students),76524
E07000242,East Hertfordshire,2,Economically active: Unemployed (including full-time students),3069
E07000242,East Hertfordshire,3,Economically inactive,41559
E07000243,Stevenage,-8,Does not apply,18259
E07000243,Stevenage,1,Economically active: In employment (including full-time students),45460
E07000243,Stevenage,2,Economically active: Unemployed (including full-time students),2354
E07000243,Stevenage,3,Economically inactive,23422
E07000244,East Suffolk,-8,Does not apply,39339
E07000244,East Suffolk,1,Economically active: In employment (including full-time students),106365
E07000244,East Suffolk,2,Economically active: Unemployed (including full-time students),5443
E07000244,East Suffolk,3,Economically inactive,94914
E07000245,West Suffolk,-8,Does not apply,31821
E07000245,West Suffolk,1,Economically active: In employment (including full-time students),89619
E07000245,West Suffolk,2,Economically active: Unemployed (including full-time students),3581
E07000245,West Suffolk,3,Economically inactive,54927
E07000246,Somerset West and Taunton,-8,Does not apply,26150
E07000246,Somerset West and Taunton,1,Economically active: In employment (including full-time students),73294
E07000246,Somerset West and Taunton,2,Economically active: Unemployed (including full-time students),2920
E07000246,Somerset West and Taunton,3,Economically inactive,55081
E08000001,Bolton,-8,Does not apply,63674
E08000001,Bolton,1,Economically active: In employment (including full-time students),125438
E08000001,Bolton,2,Economically active: Unemployed (including full-time students),9100
E08000001,Bolton,3,Economically inactive,97751
E08000002,Bury,-8,Does not apply,38978
E08000002,Bury,1,Economically active: In employment (including full-time students),88483
E08000002,Bury,2,Economically active: Unemployed (including full-time students),4980
E08000002,Bury,3,Economically inactive,61409
E08000003,Manchester,-8,Does not apply,113980
E08000003,Manchester,1,Economically active: In employment (including full-time students),234283
E08000003,Manchester,2,Economically active: Unemployed (including full-time students),25005
E08000003,Manchester,3,Economically inactive,178670
E08000004,Oldham,-8,Does not apply,55053
E08000004,Oldham,1,Economically active: In employment (including full-time students),98206
E08000004,Oldham,2,Economically active: Unemployed (including full-time students),7760
E08000004,Oldham,3,Economically inactive,81069
E08000005,Rochdale,-8,Does not apply,48826
E08000005,Rochdale,1,Economically active: In employment (including full-time students),94459
E08000005,Rochdale,2,Economically active: Unemployed (including full-time students),6610
E08000005,Rochdale,3,Economically inactive,73878
E08000006,Salford,-8,Does not apply,53000
E08000006,Salford,1,Economically active: In employment (including full-time students),127606
E08000006,Salford,2,Economically active: Unemployed (including full-time students),10175
E08000006,Salford,3,Economically inactive,79142
E08000007,Stockport,-8,Does not apply,55846
E08000007,Stockport,1,Economically active: In employment (including full-time students),139806
E08000007,Stockport,2,Economically active: Unemployed (including full-time students),6738
E08000007,Stockport,3,Economically inactive,92383
E08000008,Tameside,-8,Does not apply,45936
E08000008,Tameside,1,Economically active: In employment (including full-time students),105654
E08000008,Tameside,2,Economically active: Unemployed (including full-time students),6424
E08000008,Tameside,3,Economically inactive,73057
E08000009,Trafford,-8,Does not apply,48901
E08000009,Trafford,1,Economically active: In employment (including full-time students),111558
E08000009,Trafford,2,Economically active: Unemployed (including full-time students),5560
E08000009,Trafford,3,Economically inactive,69033
E08000010,Wigan,-8,Does not apply,60636
E08000010,Wigan,1,Economically active: In employment (including full-time students),154614
E08000010,Wigan,2,Economically active: Unemployed (including full-time students),8282
E08000010,Wigan,3,Economically inactive,105798
E08000011,Knowsley,-8,Does not apply,30220
E08000011,Knowsley,1,Economically active: In employment (including full-time students),69492
E08000011,Knowsley,2,Economically active: Unemployed (including full-time students),4391
E08000011,Knowsley,3,Economically inactive,50416
E08000012,Liverpool,-8,Does not apply,83060
E08000012,Liverpool,1,Economically active: In employment (including full-time students),205750
E08000012,Liverpool,2,Economically active: Unemployed (including full-time students),19206
E08000012,Liverpool,3,Economically inactive,178072
E08000013,St. Helens,-8,Does not apply,32677
E08000013,St. Helens,1,Economically active: In employment (including full-time students),82623
E08000013,St. Helens,2,Economically active: Unemployed (including full-time students),4706
E08000013,St. Helens,3,Economically inactive,63242
E08000014,Sefton,-8,Does not apply,46843
E08000014,Sefton,1,Economically active: In employment (including full-time students),124597
E08000014,Sefton,2,Economically active: Unemployed (including full-time students),7062
E08000014,Sefton,3,Economically inactive,100731
E08000015,Wirral,-8,Does not apply,58088
E08000015,Wirral,1,Economically active: In employment (including full-time students),139503
E08000015,Wirral,2,Economically active: Unemployed (including full-time students),7520
E08000015,Wirral,3,Economically inactive,115088
E08000016,Barnsley,-8,Does not apply,44782
E08000016,Barnsley,1,Economically active: In employment (including full-time students),111680
E08000016,Barnsley,2,Economically active: Unemployed (including full-time students),5840
E08000016,Barnsley,3,Economically inactive,82270
E08000017,Doncaster,-8,Does not apply,57181
E08000017,Doncaster,1,Economically active: In employment (including full-time students),137858
E08000017,Doncaster,2,Economically active: Unemployed (including full-time students),8405
E08000017,Doncaster,3,Economically inactive,104662
E08000018,Rotherham,-8,Does not apply,50234
E08000018,Rotherham,1,Economically active: In employment (including full-time students),117803
E08000018,Rotherham,2,Economically active: Unemployed (including full-time students),6853
E08000018,Rotherham,3,Economically inactive,90917
E08000019,Sheffield,-8,Does not apply,100271
E08000019,Sheffield,1,Economically active: In employment (including full-time students),242007
E08000019,Sheffield,2,Economically active: Unemployed (including full-time students),18051
E08000019,Sheffield,3,Economically inactive,196192
E08000021,Newcastle upon Tyne,-8,Does not apply,51675
E08000021,Newcastle upon Tyne,1,Economically active: In employment (including full-time students),125078
E08000021,Newcastle upon Tyne,2,Economically active: Unemployed (including full-time students),11815
E08000021,Newcastle upon Tyne,3,Economically inactive,111555
E08000022,North Tyneside,-8,Does not apply,37455
E08000022,North Tyneside,1,Economically active: In employment (including full-time students),97265
E08000022,North Tyneside,2,Economically active: Unemployed (including full-time students),5602
E08000022,North Tyneside,3,Economically inactive,68646
E08000023,South Tyneside,-8,Does not apply,26484
E08000023,South Tyneside,1,Economically active: In employment (including full-time students),62508
E08000023,South Tyneside,2,Economically active: Unemployed (including full-time students),5286
E08000023,South Tyneside,3,Economically inactive,53498
E08000024,Sunderland,-8,Does not apply,48101
E08000024,Sunderland,1,Economically active: In employment (including full-time students),117151
E08000024,Sunderland,2,Economically active: Unemployed (including full-time students),8794
E08000024,Sunderland,3,Economically inactive,100126
E08000025,Birmingham,-8,Does not apply,255296
E08000025,Birmingham,1,Economically active: In employment (including full-time students),442418
E08000025,Birmingham,2,Economically active: Unemployed (including full-time students),52307
E08000025,Birmingham,3,Economically inactive,394898
E08000026,Coventry,-8,Does not apply,68451
E08000026,Coventry,1,Economically active: In employment (including full-time students),150143
E08000026,Coventry,2,Economically active: Unemployed (including full-time students),13545
E08000026,Coventry,3,Economically inactive,113185
E08000027,Dudley,-8,Does not apply,61000
E08000027,Dudley,1,Economically active: In employment (including full-time students),144640
E08000027,Dudley,2,Economically active: Unemployed (including full-time students),9862
E08000027,Dudley,3,Economically inactive,107986
E08000028,Sandwell,-8,Does not apply,75804
E08000028,Sandwell,1,Economically active: In employment (including full-time students),141072
E08000028,Sandwell,2,Economically active: Unemployed (including full-time students),14124
E08000028,Sandwell,3,Economically inactive,110832
E08000029,Solihull,-8,Does not apply,41739
E08000029,Solihull,1,Economically active: In employment (including full-time students),97939
E08000029,Solihull,2,Economically active: Unemployed (including full-time students),5521
E08000029,Solihull,3,Economically inactive,71041
E08000030,Walsall,-8,Does not apply,61024
E08000030,Walsall,1,Economically active: In employment (including full-time students),118533
E08000030,Walsall,2,Economically active: Unemployed (including full-time students),9962
E08000030,Walsall,3,Economically inactive,94605
E08000031,Wolverhampton,-8,Does not apply,55285
E08000031,Wolverhampton,1,Economically active: In employment (including full-time students),111309
E08000031,Wolverhampton,2,Economically active: Unemployed (including full-time students),11679
E08000031,Wolverhampton,3,Economically inactive,85454
E08000032,Bradford,-8,Does not apply,124837
E08000032,Bradford,1,Economically active: In employment (including full-time students),221137
E08000032,Bradford,2,Economically active: Unemployed (including full-time students),18143
E08000032,Bradford,3,Economically inactive,182294
E08000033,Calderdale,-8,Does not apply,39997
E08000033,Calderdale,1,Economically active: In employment (including full-time students),93382
E08000033,Calderdale,2,Economically active: Unemployed (including full-time students),5372
E08000033,Calderdale,3,Economically inactive,67879
E08000034,Kirklees,-8,Does not apply,86941
E08000034,Kirklees,1,Economically active: In employment (including full-time students),190084
E08000034,Kirklees,2,Economically active: Unemployed (including full-time students),12108
E08000034,Kirklees,3,Economically inactive,144085
E08000035,Leeds,-8,Does not apply,153483
E08000035,Leeds,1,Economically active: In employment (including full-time students),374064
E08000035,Leeds,2,Economically active: Unemployed (including full-time students),27056
E08000035,Leeds,3,Economically inactive,257351
E08000036,Wakefield,-8,Does not apply,65832
E08000036,Wakefield,1,Economically active: In employment (including full-time students),164641
E08000036,Wakefield,2,Economically active: Unemployed (including full-time students),8511
E08000036,Wakefield,3,Economically inactive,114386
E08000037,Gateshead,-8,Does not apply,34403
E08000037,Gateshead,1,Economically active: In employment (including full-time students),87519
E08000037,Gateshead,2,Economically active: Unemployed (including full-time students),5996
E08000037,Gateshead,3,Economically inactive,68234
E09000001,City of London,-8,Does not apply,579
E09000001,City of London,1,Economically active: In employment (including full-time students),5351
E09000001,City of London,2,Economically active: Unemployed (including full-time students),326
E09000001,City of London,3,Economically inactive,2326
E09000002,Barking and Dagenham,-8,Does not apply,57124
E09000002,Barking and Dagenham,1,Economically active: In employment (including full-time students),94589
E09000002,Barking and Dagenham,2,Economically active: Unemployed (including full-time students),9077
E09000002,Barking and Dagenham,3,Economically inactive,58079
E09000003,Barnet,-8,Does not apply,79990
E09000003,Barnet,1,Economically active: In employment (including full-time students),186175
E09000003,Barnet,2,Economically active: Unemployed (including full-time students),13585
E09000003,Barnet,3,Economically inactive,109594
E09000004,Bexley,-8,Does not apply,50645
E09000004,Bexley,1,Economically active: In employment (including full-time students),117984
E09000004,Bexley,2,Economically active: Unemployed (including full-time students),7363
E09000004,Bexley,3,Economically inactive,70481
E09000005,Brent,-8,Does not apply,64673
E09000005,Brent,1,Economically active: In employment (including full-time students),160997
E09000005,Brent,2,Economically active: Unemployed (including full-time students),14984
E09000005,Brent,3,Economically inactive,99162
E09000006,Bromley,-8,Does not apply,64903
E09000006,Bromley,1,Economically active: In employment (including full-time students),162122
E09000006,Bromley,2,Economically active: Unemployed (including full-time students),8968
E09000006,Bromley,3,Economically inactive,93998
E09000007,Camden,-8,Does not apply,32228
E09000007,Camden,1,Economically active: In employment (including full-time students),102511
E09000007,Camden,2,Economically active: Unemployed (including full-time students),9013
E09000007,Camden,3,Economically inactive,66384
E09000008,Croydon,-8,Does not apply,80321
E09000008,Croydon,1,Economically active: In employment (including full-time students),189407
E09000008,Croydon,2,Economically active: Unemployed (including full-time students),14731
E09000008,Croydon,3,Economically inactive,106260
E09000009,Ealing,-8,Does not apply,71744
E09000009,Ealing,1,Economically active: In employment (including full-time students),175026
E09000009,Ealing,2,Economically active: Unemployed (including full-time students),15265
E09000009,Ealing,3,Economically inactive,105080
E09000010,Enfield,-8,Does not apply,72802
E09000010,Enfield,1,Economically active: In employment (including full-time students),143864
E09000010,Enfield,2,Economically active: Unemployed (including full-time students),12151
E09000010,Enfield,3,Economically inactive,101167
E09000011,Greenwich,-8,Does not apply,59321
E09000011,Greenwich,1,Economically active: In employment (including full-time students),142934
E09000011,Greenwich,2,Economically active: Unemployed (including full-time students),12267
E09000011,Greenwich,3,Economically inactive,74546
E09000012,Hackney,-8,Does not apply,49678
E09000012,Hackney,1,Economically active: In employment (including full-time students),134310
E09000012,Hackney,2,Economically active: Unemployed (including full-time students),11459
E09000012,Hackney,3,Economically inactive,63699
E09000013,Hammersmith and Fulham,-8,Does not apply,28530
E09000013,Hammersmith and Fulham,1,Economically active: In employment (including full-time students),98093
E09000013,Hammersmith and Fulham,2,Economically active: Unemployed (including full-time students),7674
E09000013,Hammersmith and Fulham,3,Economically inactive,48860
E09000014,Haringey,-8,Does not apply,48238
E09000014,Haringey,1,Economically active: In employment (including full-time students),134381
E09000014,Haringey,2,Economically active: Unemployed (including full-time students),11947
E09000014,Haringey,3,Economically inactive,69672
E09000015,Harrow,-8,Does not apply,51582
E09000015,Harrow,1,Economically active: In employment (including full-time students),125037
E09000015,Harrow,2,Economically active: Unemployed (including full-time students),8503
E09000015,Harrow,3,Economically inactive,76081
E09000016,Havering,-8,Does not apply,52322
E09000016,Havering,1,Economically active: In employment (including full-time students),124781
E09000016,Havering,2,Economically active: Unemployed (including full-time students),7651
E09000016,Havering,3,Economically inactive,77298
E09000017,Hillingdon,-8,Does not apply,64031
E09000017,Hillingdon,1,Economically active: In employment (including full-time students),142805
E09000017,Hillingdon,2,Economically active: Unemployed (including full-time students),11632
E09000017,Hillingdon,3,Economically inactive,87442
E09000018,Hounslow,-8,Does not apply,59500
E09000018,Hounslow,1,Economically active: In employment (including full-time students),138800
E09000018,Hounslow,2,Economically active: Unemployed (including full-time students),11810
E09000018,Hounslow,3,Economically inactive,78071
E09000019,Islington,-8,Does not apply,32963
E09000019,Islington,1,Economically active: In employment (including full-time students),114970
E09000019,Islington,2,Economically active: Unemployed (including full-time students),9943
E09000019,Islington,3,Economically inactive,58713
E09000020,Kensington and Chelsea,-8,Does not apply,20286
E09000020,Kensington and Chelsea,1,Economically active: In employment (including full-time students),69440
E09000020,Kensington and Chelsea,2,Economically active: Unemployed (including full-time students),5632
E09000020,Kensington and Chelsea,3,Economically inactive,48017
E09000021,Kingston upon Thames,-8,Does not apply,32599
E09000021,Kingston upon Thames,1,Economically active: In employment (including full-time students),84148
E09000021,Kingston upon Thames,2,Economically active: Unemployed (including full-time students),5234
E09000021,Kingston upon Thames,3,Economically inactive,46082
E09000022,Lambeth,-8,Does not apply,48710
E09000022,Lambeth,1,Economically active: In employment (including full-time students),182819
E09000022,Lambeth,2,Economically active: Unemployed (including full-time students),14325
E09000022,Lambeth,3,Economically inactive,71801
E09000023,Lewisham,-8,Does not apply,58142
E09000023,Lewisham,1,Economically active: In employment (including full-time students),155712
E09000023,Lewisham,2,Economically active: Unemployed (including full-time students),13863
E09000023,Lewisham,3,Economically inactive,72836
E09000024,Merton,-8,Does not apply,42415
E09000024,Merton,1,Economically active: In employment (including full-time students),112065
E09000024,Merton,2,Economically active: Unemployed (including full-time students),6835
E09000024,Merton,3,Economically inactive,53872
E09000025,Newham,-8,Does not apply,74863
E09000025,Newham,1,Economically active: In employment (including full-time students),163445
E09000025,Newham,2,Economically active: Unemployed (including full-time students),17294
E09000025,Newham,3,Economically inactive,95434
E09000026,Redbridge,-8,Does not apply,68243
E09000026,Redbridge,1,Economically active: In employment (including full-time students),141627
E09000026,Redbridge,2,Economically active: Unemployed (including full-time students),10836
E09000026,Redbridge,3,Economically inactive,89554
E09000027,Richmond upon Thames,-8,Does not apply,39444
E09000027,Richmond upon Thames,1,Economically active: In employment (including full-time students),97565
E09000027,Richmond upon Thames,2,Economically active: Unemployed (including full-time students),5255
E09000027,Richmond upon Thames,3,Economically inactive,53014
E09000028,Southwark,-8,Does not apply,51501
E09000028,Southwark,1,Economically active: In employment (including full-time students),166948
E09000028,Southwark,2,Economically active: Unemployed (including full-time students),14267
E09000028,Southwark,3,Economically inactive,74921
E09000029,Sutton,-8,Does not apply,43982
E09000029,Sutton,1,Economically active: In employment (including full-time students),104224
E09000029,Sutton,2,Economically active: Unemployed (including full-time students),5584
E09000029,Sutton,3,Economically inactive,55849
E09000030,Tower Hamlets,-8,Does not apply,57423
E09000030,Tower Hamlets,1,Economically active: In employment (including full-time students),155392
E09000030,Tower Hamlets,2,Economically active: Unemployed (including full-time students),15146
E09000030,Tower Hamlets,3,Economically inactive,82345
E09000031,Waltham Forest,-8,Does not apply,56244
E09000031,Waltham Forest,1,Economically active: In employment (including full-time students),140372
E09000031,Waltham Forest,2,Economically active: Unemployed (including full-time students),11461
E09000031,Waltham Forest,3,Economically inactive,70349
E09000032,Wandsworth,-8,Does not apply,53948
E09000032,Wandsworth,1,Economically active: In employment (including full-time students),190442
E09000032,Wandsworth,2,Economically active: Unemployed (including full-time students),10987
E09000032,Wandsworth,3,Economically inactive,72129
E09000033,Westminster,-8,Does not apply,26769
E09000033,Westminster,1,Economically active: In employment (including full-time students),101742
E09000033,Westminster,2,Economically active: Unemployed (including full-time students),8543
E09000033,Westminster,3,Economically inactive,67182
W06000001,Isle of Anglesey,-8,Does not apply,11731
W06000001,Isle of Anglesey,1,Economically active: In employment (including full-time students),29202
W06000001,Isle of Anglesey,2,Economically active: Unemployed (including full-time students),1662
W06000001,Isle of Anglesey,3,Economically inactive,26283
W06000002,Gwynedd,-8,Does not apply,19424
W06000002,Gwynedd,1,Economically active: In employment (including full-time students),51818
W06000002,Gwynedd,2,Economically active: Unemployed (including full-time students),3154
W06000002,Gwynedd,3,Economically inactive,42995
W06000003,Conwy,-8,Does not apply,18377
W06000003,Conwy,1,Economically active: In employment (including full-time students),48723
W06000003,Conwy,2,Economically active: Unemployed (including full-time students),2868
W06000003,Conwy,3,Economically inactive,44773
W06000004,Denbighshire,-8,Does not apply,16909
W06000004,Denbighshire,1,Economically active: In employment (including full-time students),40846
W06000004,Denbighshire,2,Economically active: Unemployed (including full-time students),2190
W06000004,Denbighshire,3,Economically inactive,35872
W06000005,Flintshire,-8,Does not apply,27384
W06000005,Flintshire,1,Economically active: In employment (including full-time students),73820
W06000005,Flintshire,2,Economically active: Unemployed (including full-time students),3533
W06000005,Flintshire,3,Economically inactive,50225
W06000006,Wrexham,-8,Does not apply,24843
W06000006,Wrexham,1,Economically active: In employment (including full-time students),61805
W06000006,Wrexham,2,Economically active: Unemployed (including full-time students),3244
W06000006,Wrexham,3,Economically inactive,45225
W06000008,Ceredigion,-8,Does not apply,10084
W06000008,Ceredigion,1,Economically active: In employment (including full-time students),30119
W06000008,Ceredigion,2,Economically active: Unemployed (including full-time students),1845
W06000008,Ceredigion,3,Economically inactive,29427
W06000009,Pembrokeshire,-8,Does not apply,20809
W06000009,Pembrokeshire,1,Economically active: In employment (including full-time students),52765
W06000009,Pembrokeshire,2,Economically active: Unemployed (including full-time students),2769
W06000009,Pembrokeshire,3,Economically inactive,47017
W06000010,Carmarthenshire,-8,Does not apply,32411
W06000010,Carmarthenshire,1,Economically active: In employment (including full-time students),81951
W06000010,Carmarthenshire,2,Economically active: Unemployed (including full-time students),3922
W06000010,Carmarthenshire,3,Economically inactive,69613
W06000011,Swansea,-8,Does not apply,40633
W06000011,Swansea,1,Economically active: In employment (including full-time students),100613
W06000011,Swansea,2,Economically active: Unemployed (including full-time students),6761
W06000011,Swansea,3,Economically inactive,90484
W06000012,Neath Port Talbot,-8,Does not apply,25107
W06000012,Neath Port Talbot,1,Economically active: In employment (including full-time students),59189
W06000012,Neath Port Talbot,2,Economically active: Unemployed (including full-time students),3250
W06000012,Neath Port Talbot,3,Economically inactive,54743
W06000013,Bridgend,-8,Does not apply,26006
W06000013,Bridgend,1,Economically active: In employment (including full-time students),63984
W06000013,Bridgend,2,Economically active: Unemployed (including full-time students),3495
W06000013,Bridgend,3,Economically inactive,52003
W06000014,Vale of Glamorgan,-8,Does not apply,24482
W06000014,Vale of Glamorgan,1,Economically active: In employment (including full-time students),59915
W06000014,Vale of Glamorgan,2,Economically active: Unemployed (including full-time students),3044
W06000014,Vale of Glamorgan,3,Economically inactive,44498
W06000015,Cardiff,-8,Does not apply,65995
W06000015,Cardiff,1,Economically active: In employment (including full-time students),160439
W06000015,Cardiff,2,Economically active: Unemployed (including full-time students),12294
W06000015,Cardiff,3,Economically inactive,123580
W06000016,Rhondda Cynon Taf,-8,Does not apply,43808
W06000016,Rhondda Cynon Taf,1,Economically active: In employment (including full-time students),103389
W06000016,Rhondda Cynon Taf,2,Economically active: Unemployed (including full-time students),6217
W06000016,Rhondda Cynon Taf,3,Economically inactive,84237
W06000018,Caerphilly,-8,Does not apply,32470
W06000018,Caerphilly,1,Economically active: In employment (including full-time students),77442
W06000018,Caerphilly,2,Economically active: Unemployed (including full-time students),4390
W06000018,Caerphilly,3,Economically inactive,61653
W06000019,Blaenau Gwent,-8,Does not apply,11760
W06000019,Blaenau Gwent,1,Economically active: In employment (including full-time students),28799
W06000019,Blaenau Gwent,2,Economically active: Unemployed (including full-time students),1855
W06000019,Blaenau Gwent,3,Economically inactive,24490
W06000020,Torfaen,-8,Does not apply,17163
W06000020,Torfaen,1,Economically active: In employment (including full-time students),40655
W06000020,Torfaen,2,Economically active: Unemployed (including full-time students),2287
W06000020,Torfaen,3,Economically inactive,32171
W06000021,Monmouthshire,-8,Does not apply,14718
W06000021,Monmouthshire,1,Economically active: In employment (including full-time students),42830
W06000021,Monmouthshire,2,Economically active: Unemployed (including full-time students),1729
W06000021,Monmouthshire,3,Economically inactive,33680
W06000022,Newport,-8,Does not apply,32169
W06000022,Newport,1,Economically active: In employment (including full-time students),72789
W06000022,Newport,2,Economically active: Unemployed (including full-time students),4510
W06000022,Newport,3,Economically inactive,50124
W06000023,Powys,-8,Does not apply,20633
W06000023,Powys,1,Economically active: In employment (including full-time students),61726
W06000023,Powys,2,Economically active: Unemployed (including full-time students),2326
W06000023,Powys,3,Economically inactive,48484
W06000024,Merthyr Tydfil,-8,Does not apply,11162
W06000024,Merthyr Tydfil,1,Economically active: In employment (including full-time students),25635
W06000024,Merthyr Tydfil,2,Economically active: Unemployed (including full-time students),1549
W06000024,Merthyr Tydfil,3,Economically inactive,20493
